{"cameraMode":{"drawMode":0,"name":"Shaded","section":"Shading Mode"},"sceneLighting":false,"audioPlay":false,"sceneViewState":{"showFog":true,"showMaterialUpdate":false,"showSkybox":false,"showFlares":true,"showImageEffects":true,"showParticleSystems":true},"in2DMode":false,"pivot":{"x":1.2469606399536133,"y":-0.1449885368347168,"z":4.065903186798096},"rotation":{"x":-0.010170980356633664,"y":-0.6924700736999512,"z":-0.00976684782654047,"w":0.7213122248649597},"size":3.917313814163208,"orthographic":true}