{"cameraMode":{"drawMode":0,"name":"Shaded","section":"Shading Mode"},"sceneLighting":false,"audioPlay":false,"sceneViewState":{"showFog":true,"showMaterialUpdate":false,"showSkybox":false,"showFlares":true,"showImageEffects":true,"showParticleSystems":true},"in2DMode":false,"pivot":{"x":-0.19999980926513673,"y":0.0,"z":12.90999984741211},"rotation":{"x":-0.6891731023788452,"y":-0.034076716750860217,"z":0.03247794136404991,"w":-0.7230719923973084},"size":8.66025447845459,"orthographic":true}