{"cameraMode":{"drawMode":0,"name":"Shaded","section":"Shading Mode"},"sceneLighting":false,"audioPlay":false,"sceneViewState":{"showFog":true,"showMaterialUpdate":false,"showSkybox":false,"showFlares":true,"showImageEffects":true,"showParticleSystems":true},"in2DMode":false,"pivot":{"x":-12.890000343322754,"y":2.520042657852173,"z":11.523615837097168},"rotation":{"x":-0.009897272102534771,"y":0.015906333923339845,"z":-0.00015724888362456113,"w":-0.9998267292976379},"size":7.575519561767578,"orthographic":true}